algorithm,n,trial,time_ms,comparisons,swaps,isSorted
ShellSort,100,1,0,688,386,true
HeapSort,100,1,0,1043,590,true
ShellSort,100,2,0,742,434,true
HeapSort,100,2,0,1034,600,true
ShellSort,100,3,0,727,415,true
HeapSort,100,3,0,1016,579,true
ShellSort,100,4,0,779,489,true
HeapSort,100,4,0,1025,575,true
ShellSort,100,5,0,737,442,true
HeapSort,100,5,0,1019,576,true
ShellSort,1000,1,0,13917,8866,true
HeapSort,1000,1,0,16844,9083,true
ShellSort,1000,2,0,13511,8500,true
HeapSort,1000,2,0,16891,9110,true
ShellSort,1000,3,0,13310,8298,true
HeapSort,1000,3,0,16838,9056,true
ShellSort,1000,4,0,14182,9162,true
HeapSort,1000,4,0,16825,9080,true
ShellSort,1000,5,0,13726,8725,true
HeapSort,1000,5,0,16833,9087,true
ShellSort,10000,1,1,235972,165074,true
HeapSort,10000,1,1,235339,124060,true
ShellSort,10000,2,1,235815,164881,true
HeapSort,10000,2,1,235637,124439,true
ShellSort,10000,3,1,226023,154965,true
HeapSort,10000,3,1,235382,124301,true
ShellSort,10000,4,1,233524,162677,true
HeapSort,10000,4,1,235437,124259,true
ShellSort,10000,5,1,234084,163062,true
HeapSort,10000,5,1,235441,124248,true
ShellSort,100000,1,15,3875318,2949753,true
HeapSort,100000,1,14,3019617,1574812,true
ShellSort,100000,2,15,3886373,2960423,true
HeapSort,100000,2,13,3019577,1575102,true
ShellSort,100000,3,14,3794152,2868240,true
HeapSort,100000,3,12,3019251,1574890,true
ShellSort,100000,4,13,4200255,3274188,true
HeapSort,100000,4,12,3019516,1574770,true
ShellSort,100000,5,13,3711494,2785617,true
HeapSort,100000,5,12,3019098,1574609,true
